global_id,PRECINCT_shp,COUNTYGEOID10,COUNTYNAME10,PRECINCT_election_results,PRECINCTCODE_election_results,PRECINCT_misfit
1493,BAYV01A,39035,Cuyahoga,BAY VILLAGE-01-A,AAA,
1494,BAYV01B,39035,Cuyahoga,BAY VILLAGE-01-B,AAB,
1495,BAYV01C,39035,Cuyahoga,BAY VILLAGE-01-C,AAD,
1496,BAYV02A,39035,Cuyahoga,BAY VILLAGE-02-A,AAH,
1497,BAYV02B,39035,Cuyahoga,BAY VILLAGE-02-B,AAI,
1498,BAYV02C,39035,Cuyahoga,BAY VILLAGE-02-C,AAL,
1499,BAYV03A,39035,Cuyahoga,BAY VILLAGE-03-A,AAS,
1500,BAYV03B,39035,Cuyahoga,BAY VILLAGE-03-B,AAQ,
1501,BAYV03C,39035,Cuyahoga,BAY VILLAGE-03-C,AAR,
1502,BAYV04A,39035,Cuyahoga,BAY VILLAGE-04-A,AAV,
1503,BAYV04B,39035,Cuyahoga,BAY VILLAGE-04-B,AAZ,
1504,BAYV04C,39035,Cuyahoga,BAY VILLAGE-04-C,ABA,
1505,BCHWD00A,39035,Cuyahoga,BEACHWOOD-00-A,ABD,
1506,BCHWD00B,39035,Cuyahoga,BEACHWOOD-00-B,ABE,
1507,BCHWD00C,39035,Cuyahoga,BEACHWOOD-00-C,ABN,
1508,BCHWD00D,39035,Cuyahoga,BEACHWOOD-00-D,ABG,
1509,BCHWD00E,39035,Cuyahoga,BEACHWOOD-00-E,ABH,
1510,BCHWD00F,39035,Cuyahoga,BEACHWOOD-00-F,ABK,
1511,BCHWD00G,39035,Cuyahoga,BEACHWOOD-00-G,ABQ,
1512,BCHWD00H,39035,Cuyahoga,BEACHWOOD-00-H,ABF,
1513,BCHWD00I,39035,Cuyahoga,BEACHWOOD-00-I,ABP,
1514,BEDFD01A,39035,Cuyahoga,BEDFORD-01-A,ABU,
1515,BEDFD01B,39035,Cuyahoga,BEDFORD-01-B,ABV,
1516,BEDFD02A,39035,Cuyahoga,BEDFORD-02-A,ABX,
1517,BEDFD02B,39035,Cuyahoga,BEDFORD-02-B,ABY,
1518,BEDFD03A,39035,Cuyahoga,BEDFORD-03-A,ACA,
1519,BEDFD03B,39035,Cuyahoga,BEDFORD-03-B,ACB,
1520,BEDFD04A,39035,Cuyahoga,BEDFORD-04-A,ACE,
1521,BEDFD04B,39035,Cuyahoga,BEDFORD-04-B,ACF,
1522,BEDFD05A,39035,Cuyahoga,BEDFORD-05-A,ACJ,
1523,BEDFD06A,39035,Cuyahoga,BEDFORD-06-A,ACM,
1524,BEHT01A,39035,Cuyahoga,BEDFORD HEIGHTS-01-A,ACP,
1525,BEHT01B,39035,Cuyahoga,BEDFORD HEIGHTS-01-B,ACQ,
1526,BEHT01C,39035,Cuyahoga,BEDFORD HEIGHTS-01-C,ACR,
1527,BEHT02A,39035,Cuyahoga,BEDFORD HEIGHTS-02-A,ACV,
1528,BEHT02B,39035,Cuyahoga,BEDFORD HEIGHTS-02-B,ACW,
1529,BEHT03A,39035,Cuyahoga,BEDFORD HEIGHTS-03-A,ACY,
1530,BEHT03B,39035,Cuyahoga,BEDFORD HEIGHTS-03-B,ACZ,
1531,BEHT04A,39035,Cuyahoga,BEDFORD HEIGHTS-04-A,ADE,
1532,BEHT04B,39035,Cuyahoga,BEDFORD HEIGHTS-04-B,ADF,
1533,BEREA01A,39035,Cuyahoga,BEREA-01-A,ADI,
1534,BEREA01B,39035,Cuyahoga,BEREA-01-B,ADJ,
1535,BEREA02A,39035,Cuyahoga,BEREA-02-A,ADN,
1536,BEREA02B,39035,Cuyahoga,BEREA-02-B,ADO,
1537,BEREA02C,39035,Cuyahoga,BEREA-02-C,ADP,
1538,BEREA03A,39035,Cuyahoga,BEREA-03-A,ADU,
1539,BEREA03B,39035,Cuyahoga,BEREA-03-B,ADV,
1540,BEREA03C,39035,Cuyahoga,BEREA-03-C,ADW,
1541,BEREA04A,39035,Cuyahoga,BEREA-04-A,AEB,
1542,BEREA04B,39035,Cuyahoga,BEREA-04-B,AED,
1543,BEREA05A,39035,Cuyahoga,BEREA-05-A,AEJ,
1544,BEREA05B,39035,Cuyahoga,BEREA-05-B,AEI,
1545,BEREA05C,39035,Cuyahoga,BEREA-05-C,AEK,
1546,BHV00A,39035,Cuyahoga,BROOKLYN HEIGHTS-00-A,CZX,
1547,BNTLY00A,39035,Cuyahoga,BENTLEYVILLE-00-A,CZS,
1548,BRECK00A,39035,Cuyahoga,BRECKSVILLE-00-A,AEV,
1549,BRECK00B,39035,Cuyahoga,BRECKSVILLE-00-B,AEP,
1550,BRECK00C,39035,Cuyahoga,BRECKSVILLE-00-C,AEQ,
1551,BRECK00D,39035,Cuyahoga,BRECKSVILLE-00-D,AEU,
1552,BRECK00E,39035,Cuyahoga,BRECKSVILLE-00-E,AET,
1553,BRECK00F,39035,Cuyahoga,BRECKSVILLE-00-F,AES,
1554,BRECK00G,39035,Cuyahoga,BRECKSVILLE-00-G,AEZ,
1555,BRECK00H,39035,Cuyahoga,BRECKSVILLE-00-H,AEY,
1556,BRECK00I,39035,Cuyahoga,BRECKSVILLE-00-I,AFB,
1557,BRECK00J,39035,Cuyahoga,BRECKSVILLE-00-J,AEX,
1558,BRHT01A,39035,Cuyahoga,BROADVIEW HEIGHTS-01-A,AFI,
1559,BRHT01B,39035,Cuyahoga,BROADVIEW HEIGHTS-01-B,AFG,
1560,BRHT01C,39035,Cuyahoga,BROADVIEW HEIGHTS-01-C,AFH,
1561,BRHT02A,39035,Cuyahoga,BROADVIEW HEIGHTS-02-A,AFK,
1562,BRHT02B,39035,Cuyahoga,BROADVIEW HEIGHTS-02-B,AFL,
1563,BRHT02C,39035,Cuyahoga,BROADVIEW HEIGHTS-02-C,AFM,
1564,BRHT03A,39035,Cuyahoga,BROADVIEW HEIGHTS-03-A,AFP,
1565,BRHT03B,39035,Cuyahoga,BROADVIEW HEIGHTS-03-B,AFQ,
1566,BRHT03C,39035,Cuyahoga,BROADVIEW HEIGHTS-03-C,AFR,
1567,BRHT03D,39035,Cuyahoga,BROADVIEW HEIGHTS-03-D,DFF,
1568,BRHT04A,39035,Cuyahoga,BROADVIEW HEIGHTS-04-A,DFI,
1569,BRHT04B,39035,Cuyahoga,BROADVIEW HEIGHTS-04-B,AFV,
1570,BRHT04C,39035,Cuyahoga,BROADVIEW HEIGHTS-04-C,AFW,
1571,BRHT04D,39035,Cuyahoga,BROADVIEW HEIGHTS-04-D,AFU,
1572,BRKV00A,39035,Cuyahoga,BROOKLYN-00-A,AFZ,
1573,BRKV00B,39035,Cuyahoga,BROOKLYN-00-B,AGA,
1574,BRKV00C,39035,Cuyahoga,BROOKLYN-00-C,AGB,
1575,BRKV00D,39035,Cuyahoga,BROOKLYN-00-D,AGH,
1576,BRKV00E,39035,Cuyahoga,BROOKLYN-00-E,AGD,
1577,BRKV00F,39035,Cuyahoga,BROOKLYN-00-F,AGG,
1578,BRKV00G,39035,Cuyahoga,BROOKLYN-00-G,AGF,
1579,BRKV00H,39035,Cuyahoga,BROOKLYN-00-H,AGJ,
1580,BRPK01A,39035,Cuyahoga,BROOKPARK-01-A,AGO,
1581,BRPK01B,39035,Cuyahoga,BROOKPARK-01-B,AGS,
1582,BRPK01C,39035,Cuyahoga,BROOKPARK-01-C,AGQ,
1583,BRPK02A,39035,Cuyahoga,BROOKPARK-02-A,AGW,
1584,BRPK02B,39035,Cuyahoga,BROOKPARK-02-B,AGX,
1585,BRPK02C,39035,Cuyahoga,BROOKPARK-02-C,AHA,
1586,BRPK03A,39035,Cuyahoga,BROOKPARK-03-A,AHG,
1587,BRPK03B,39035,Cuyahoga,BROOKPARK-03-B,AHF,
1588,BRPK03C,39035,Cuyahoga,BROOKPARK-03-C,AHI,
1589,BRPK04A,39035,Cuyahoga,BROOKPARK-04-A,AHL,
1590,BRPK04B,39035,Cuyahoga,BROOKPARK-04-B,AHO,
1591,BRPK04C,39035,Cuyahoga,BROOKPARK-04-C,AHN,
1592,BRTNL00A,39035,Cuyahoga,BRATENAHL-00-A,CZT,
1593,CFV00A,39035,Cuyahoga,CHAGRIN FALLS-00-A,DAE,
1594,CFV00B,39035,Cuyahoga,CHAGRIN FALLS-00-B,DAA,
1595,CFV00C,39035,Cuyahoga,CHAGRIN FALLS-00-C,DAB,
1596,CHFL00A,39035,Cuyahoga,CHAGRIN FALLS TWP-00-A,DAF,
1597,CLEVE01A,39035,Cuyahoga,CLEVELAND-01-A,ANE,
1598,CLEVE01B,39035,Cuyahoga,CLEVELAND-01-B,AHU,
1599,CLEVE01C,39035,Cuyahoga,CLEVELAND-01-C,AHW,
1600,CLEVE01D,39035,Cuyahoga,CLEVELAND-01-D,ANB,
1601,CLEVE01E,39035,Cuyahoga,CLEVELAND-01-E,AIA,
1602,CLEVE01F,39035,Cuyahoga,CLEVELAND-01-F,AIC,
1603,CLEVE01G,39035,Cuyahoga,CLEVELAND-01-G,ALW,
1604,CLEVE01H,39035,Cuyahoga,CLEVELAND-01-H,AIG,
1605,CLEVE01I,39035,Cuyahoga,CLEVELAND-01-I,AII,
1606,CLEVE01J,39035,Cuyahoga,CLEVELAND-01-J,AIK,
1607,CLEVE01K,39035,Cuyahoga,CLEVELAND-01-K,ALR,
1608,CLEVE01L,39035,Cuyahoga,CLEVELAND-01-L,AIO,
1609,CLEVE01M,39035,Cuyahoga,CLEVELAND-01-M,AIQ,
1610,CLEVE01N,39035,Cuyahoga,CLEVELAND-01-N,AIS,
1611,CLEVE01O,39035,Cuyahoga,CLEVELAND-01-O,AJD,
1612,CLEVE01P,39035,Cuyahoga,CLEVELAND-01-P,AIW,
1613,CLEVE01Q,39035,Cuyahoga,CLEVELAND-01-Q,AIX,
1614,CLEVE01R,39035,Cuyahoga,CLEVELAND-01-R,AJC,
1615,CLEVE01S,39035,Cuyahoga,CLEVELAND-01-S,AIZ,
1616,CLEVE01T,39035,Cuyahoga,CLEVELAND-01-T,AJA,
1617,CLEVE02A,39035,Cuyahoga,CLEVELAND-02-A,AXQ,
1618,CLEVE02B,39035,Cuyahoga,CLEVELAND-02-B,AJJ,
1619,CLEVE02C,39035,Cuyahoga,CLEVELAND-02-C,AKC,
1620,CLEVE02D,39035,Cuyahoga,CLEVELAND-02-D,AJV,
1621,CLEVE02E,39035,Cuyahoga,CLEVELAND-02-E,AJH,
1622,CLEVE02F,39035,Cuyahoga,CLEVELAND-02-F,AKI,
1623,CLEVE02G,39035,Cuyahoga,CLEVELAND-02-G,AJL,
1624,CLEVE02H,39035,Cuyahoga,CLEVELAND-02-H,AKE,
1625,CLEVE02I,39035,Cuyahoga,CLEVELAND-02-I,AKF,
1626,CLEVE02J,39035,Cuyahoga,CLEVELAND-02-J,AJT,
1627,CLEVE02K,39035,Cuyahoga,CLEVELAND-02-K,ALP,
1628,CLEVE02L,39035,Cuyahoga,CLEVELAND-02-L,ALV,
1629,CLEVE02M,39035,Cuyahoga,CLEVELAND-02-M,ALQ,
1630,CLEVE02N,39035,Cuyahoga,CLEVELAND-02-N,ALB,
1631,CLEVE02O,39035,Cuyahoga,CLEVELAND-02-O,AKB,
1632,CLEVE02P,39035,Cuyahoga,CLEVELAND-02-P,AKH,
1633,CLEVE02Q,39035,Cuyahoga,CLEVELAND-02-Q,ALJ,
1634,CLEVE02R,39035,Cuyahoga,CLEVELAND-02-R,AJP,
1635,CLEVE02S,39035,Cuyahoga,CLEVELAND-02-S,AJY,
1636,CLEVE02T,39035,Cuyahoga,CLEVELAND-02-T,AJX,
1637,CLEVE02U,39035,Cuyahoga,CLEVELAND-02-U,AKA,
1638,CLEVE02V,39035,Cuyahoga,CLEVELAND-02-V,AKX,
1639,CLEVE02W,39035,Cuyahoga,CLEVELAND-02-W,ALS,
1640,CLEVE03A,39035,Cuyahoga,CLEVELAND-03-A,DDT,
1641,CLEVE03B,39035,Cuyahoga,CLEVELAND-03-B,BDY,
1642,CLEVE03C,39035,Cuyahoga,CLEVELAND-03-C,AZM,
1643,CLEVE03D,39035,Cuyahoga,CLEVELAND-03-D,AZL,
1644,CLEVE03E,39035,Cuyahoga,CLEVELAND-03-E,BAA,
1645,CLEVE03F,39035,Cuyahoga,CLEVELAND-03-F,AZF,
1646,CLEVE03G,39035,Cuyahoga,CLEVELAND-03-G,AZW,
1647,CLEVE03H,39035,Cuyahoga,CLEVELAND-03-H,AZI,
1648,CLEVE03I,39035,Cuyahoga,CLEVELAND-03-I,AYX,
1649,CLEVE03J,39035,Cuyahoga,CLEVELAND-03-J,BAR,
1650,CLEVE03K,39035,Cuyahoga,CLEVELAND-03-K,AZK,
1651,CLEVE03L,39035,Cuyahoga,CLEVELAND-03-L,AYZ,
1652,CLEVE03M,39035,Cuyahoga,CLEVELAND-03-M,BAQ,
1653,CLEVE03N,39035,Cuyahoga,CLEVELAND-03-N,BEH,
1654,CLEVE03O,39035,Cuyahoga,CLEVELAND-03-O,AZE,
1655,CLEVE03P,39035,Cuyahoga,CLEVELAND-03-P,BAC,
1656,CLEVE03Q,39035,Cuyahoga,CLEVELAND-03-Q,AYV,
1657,CLEVE03R,39035,Cuyahoga,CLEVELAND-03-R,BDS,
1658,CLEVE03S,39035,Cuyahoga,CLEVELAND-03-S,BDV,
1659,CLEVE04A,39035,Cuyahoga,CLEVELAND-04-A,AMC,
1660,CLEVE04B,39035,Cuyahoga,CLEVELAND-04-B,AME,
1661,CLEVE04C,39035,Cuyahoga,CLEVELAND-04-C,ANA,
1662,CLEVE04D,39035,Cuyahoga,CLEVELAND-04-D,AMZ,
1663,CLEVE04E,39035,Cuyahoga,CLEVELAND-04-E,AMQ,
1664,CLEVE04F,39035,Cuyahoga,CLEVELAND-04-F,AND,
1665,CLEVE04G,39035,Cuyahoga,CLEVELAND-04-G,AMX,
1666,CLEVE04H,39035,Cuyahoga,CLEVELAND-04-H,AMS,
1667,CLEVE04I,39035,Cuyahoga,CLEVELAND-04-I,AKV,
1668,CLEVE04J,39035,Cuyahoga,CLEVELAND-04-J,AMU,
1669,CLEVE04K,39035,Cuyahoga,CLEVELAND-04-K,AKT,
1670,CLEVE04L,39035,Cuyahoga,CLEVELAND-04-L,ALD,
1671,CLEVE04M,39035,Cuyahoga,CLEVELAND-04-M,ALT,
1672,CLEVE04N,39035,Cuyahoga,CLEVELAND-04-N,AKD,
1673,CLEVE04O,39035,Cuyahoga,CLEVELAND-04-O,ALU,
1674,CLEVE04P,39035,Cuyahoga,CLEVELAND-04-P,AMM,
1675,CLEVE04Q,39035,Cuyahoga,CLEVELAND-04-Q,ANC,
1676,CLEVE04R,39035,Cuyahoga,CLEVELAND-04-R,ANF,
1677,CLEVE04S,39035,Cuyahoga,CLEVELAND-04-S,AMI,
1678,CLEVE04T,39035,Cuyahoga,CLEVELAND-04-T,DDX,
1679,CLEVE04U,39035,Cuyahoga,CLEVELAND-04-U,DDY,
1680,CLEVE05A,39035,Cuyahoga,CLEVELAND-05-A,ANN,
1681,CLEVE05B,39035,Cuyahoga,CLEVELAND-05-B,ANV,
1682,CLEVE05C,39035,Cuyahoga,CLEVELAND-05-C,ANR,
1683,CLEVE05D,39035,Cuyahoga,CLEVELAND-05-D,ANT,
1684,CLEVE05E,39035,Cuyahoga,CLEVELAND-05-E,AOH,
1685,CLEVE05F,39035,Cuyahoga,CLEVELAND-05-F,ANX,
1686,CLEVE05G,39035,Cuyahoga,CLEVELAND-05-G,ANZ,
1687,CLEVE05H,39035,Cuyahoga,CLEVELAND-05-H,AOB,
1688,CLEVE05I,39035,Cuyahoga,CLEVELAND-05-I,APN,
1689,CLEVE05J,39035,Cuyahoga,CLEVELAND-05-J,AOF,
1690,CLEVE05K,39035,Cuyahoga,CLEVELAND-05-K,AXU,
1691,CLEVE05L,39035,Cuyahoga,CLEVELAND-05-L,AOJ,
1692,CLEVE05M,39035,Cuyahoga,CLEVELAND-05-M,AOL,
1693,CLEVE05N,39035,Cuyahoga,CLEVELAND-05-N,AON,
1694,CLEVE05O,39035,Cuyahoga,CLEVELAND-05-O,AXH,
1695,CLEVE05P,39035,Cuyahoga,CLEVELAND-05-P,AOU,
1696,CLEVE05Q,39035,Cuyahoga,CLEVELAND-05-Q,AYR,
1697,CLEVE05R,39035,Cuyahoga,CLEVELAND-05-R,AZC,
1698,CLEVE05S,39035,Cuyahoga,CLEVELAND-05-S,AOT,
1699,CLEVE06A,39035,Cuyahoga,CLEVELAND-06-A,AKP,
1700,CLEVE06B,39035,Cuyahoga,CLEVELAND-06-B,AOQ,
1701,CLEVE06C,39035,Cuyahoga,CLEVELAND-06-C,AQE,
1702,CLEVE06D,39035,Cuyahoga,CLEVELAND-06-D,APL,
1703,CLEVE06E,39035,Cuyahoga,CLEVELAND-06-E,AOS,
1704,CLEVE06F,39035,Cuyahoga,CLEVELAND-06-F,AOR,
1705,CLEVE06G,39035,Cuyahoga,CLEVELAND-06-G,APB,
1706,CLEVE06H,39035,Cuyahoga,CLEVELAND-06-H,APP,
1707,CLEVE06I,39035,Cuyahoga,CLEVELAND-06-I,APR,
1708,CLEVE06J,39035,Cuyahoga,CLEVELAND-06-J,APX,
1709,CLEVE06K,39035,Cuyahoga,CLEVELAND-06-K,APV,
1710,CLEVE06L,39035,Cuyahoga,CLEVELAND-06-L,AKZ,
1711,CLEVE06M,39035,Cuyahoga,CLEVELAND-06-M,APT,
1712,CLEVE06N,39035,Cuyahoga,CLEVELAND-06-N,APY,
1713,CLEVE06O,39035,Cuyahoga,CLEVELAND-06-O,AQF,
1714,CLEVE06P,39035,Cuyahoga,CLEVELAND-06-P,AQB,
1715,CLEVE06Q,39035,Cuyahoga,CLEVELAND-06-Q,AQC,
1716,CLEVE06R,39035,Cuyahoga,CLEVELAND-06-R,AQD,
1717,CLEVE06S,39035,Cuyahoga,CLEVELAND-06-S,APZ,
1718,CLEVE06T,39035,Cuyahoga,CLEVELAND-06-T,AQH,
1719,CLEVE06U,39035,Cuyahoga,CLEVELAND-06-U,AUJ,
1720,CLEVE07A,39035,Cuyahoga,CLEVELAND-07-A,DDR,
1721,CLEVE07B,39035,Cuyahoga,CLEVELAND-07-B,AYL,
1722,CLEVE07C,39035,Cuyahoga,CLEVELAND-07-C,ARF,
1723,CLEVE07D,39035,Cuyahoga,CLEVELAND-07-D,AYT,
1724,CLEVE07E,39035,Cuyahoga,CLEVELAND-07-E,AYJ,
1725,CLEVE07F,39035,Cuyahoga,CLEVELAND-07-F,AQW,
1726,CLEVE07G,39035,Cuyahoga,CLEVELAND-07-G,ARH,
1727,CLEVE07H,39035,Cuyahoga,CLEVELAND-07-H,ARA,
1728,CLEVE07I,39035,Cuyahoga,CLEVELAND-07-I,AQU,
1729,CLEVE07J,39035,Cuyahoga,CLEVELAND-07-J,AOD,
1730,CLEVE07K,39035,Cuyahoga,CLEVELAND-07-K,ARE,
1731,CLEVE07L,39035,Cuyahoga,CLEVELAND-07-L,ARK,
1732,CLEVE07M,39035,Cuyahoga,CLEVELAND-07-M,AQQ,
1733,CLEVE07N,39035,Cuyahoga,CLEVELAND-07-N,ARC,
1734,CLEVE07O,39035,Cuyahoga,CLEVELAND-07-O,ARJ,
1735,CLEVE07P,39035,Cuyahoga,CLEVELAND-07-P,AQO,
1736,CLEVE07Q,39035,Cuyahoga,CLEVELAND-07-Q,AQM,
1737,CLEVE07R,39035,Cuyahoga,CLEVELAND-07-R,ARO,
1738,CLEVE07S,39035,Cuyahoga,CLEVELAND-07-S,ARI,
1739,CLEVE07T,39035,Cuyahoga,CLEVELAND-07-T,ARP,
1740,CLEVE07U,39035,Cuyahoga,CLEVELAND-07-U,ARN,
1741,CLEVE07V,39035,Cuyahoga,CLEVELAND-07-V,AYP,
1742,CLEVE07W,39035,Cuyahoga,CLEVELAND-07-W,AZB,
1743,CLEVE08A,39035,Cuyahoga,CLEVELAND-08-A,AWN,
1744,CLEVE08B,39035,Cuyahoga,CLEVELAND-08-B,AWU,
1745,CLEVE08C,39035,Cuyahoga,CLEVELAND-08-C,AWE,
1746,CLEVE08D,39035,Cuyahoga,CLEVELAND-08-D,DDZ,
1747,CLEVE08E,39035,Cuyahoga,CLEVELAND-08-E,AWV,
1748,CLEVE08F,39035,Cuyahoga,CLEVELAND-08-F,AWZ,
1749,CLEVE08G,39035,Cuyahoga,CLEVELAND-08-G,AWO,
1750,CLEVE08H,39035,Cuyahoga,CLEVELAND-08-H,AWA,
1751,CLEVE08I,39035,Cuyahoga,CLEVELAND-08-I,AWI,
1752,CLEVE08J,39035,Cuyahoga,CLEVELAND-08-J,AWS,
1753,CLEVE08K,39035,Cuyahoga,CLEVELAND-08-K,AWW,
1754,CLEVE08L,39035,Cuyahoga,CLEVELAND-08-L,AWQ,
1755,CLEVE08M,39035,Cuyahoga,CLEVELAND-08-M,AWR,
1756,CLEVE08N,39035,Cuyahoga,CLEVELAND-08-N,AWX,
1757,CLEVE08O,39035,Cuyahoga,CLEVELAND-08-O,AVK,
1758,CLEVE08P,39035,Cuyahoga,CLEVELAND-08-P,AWT,
1759,CLEVE08Q,39035,Cuyahoga,CLEVELAND-08-Q,AVG,
1760,CLEVE08R,39035,Cuyahoga,CLEVELAND-08-R,AVJ,
1761,CLEVE09A,39035,Cuyahoga,CLEVELAND-09-A,ASD,
1762,CLEVE09B,39035,Cuyahoga,CLEVELAND-09-B,ASS,
1763,CLEVE09C,39035,Cuyahoga,CLEVELAND-09-C,ARX,
1764,CLEVE09D,39035,Cuyahoga,CLEVELAND-09-D,ATV,
1765,CLEVE09E,39035,Cuyahoga,CLEVELAND-09-E,ATN,
1766,CLEVE09F,39035,Cuyahoga,CLEVELAND-09-F,ATZ,
1767,CLEVE09G,39035,Cuyahoga,CLEVELAND-09-G,AUD,
1768,CLEVE09H,39035,Cuyahoga,CLEVELAND-09-H,AUI,
1769,CLEVE09I,39035,Cuyahoga,CLEVELAND-09-I,AUH,
1770,CLEVE09J,39035,Cuyahoga,CLEVELAND-09-J,AUB,
1771,CLEVE09K,39035,Cuyahoga,CLEVELAND-09-K,AUE,
1772,CLEVE09L,39035,Cuyahoga,CLEVELAND-09-L,AUF,
1773,CLEVE09M,39035,Cuyahoga,CLEVELAND-09-M,ASR,
1774,CLEVE09N,39035,Cuyahoga,CLEVELAND-09-N,ASH,
1775,CLEVE09O,39035,Cuyahoga,CLEVELAND-09-O,ASL,
1776,CLEVE09P,39035,Cuyahoga,CLEVELAND-09-P,AUG,
1777,CLEVE09Q,39035,Cuyahoga,CLEVELAND-09-Q,AST,
1778,CLEVE09R,39035,Cuyahoga,CLEVELAND-09-R,APD,
1779,CLEVE09S,39035,Cuyahoga,CLEVELAND-09-S,ASX,
1780,CLEVE09T,39035,Cuyahoga,CLEVELAND-09-T,ASN,
1781,CLEVE09U,39035,Cuyahoga,CLEVELAND-09-U,ASB,
1782,CLEVE09V,39035,Cuyahoga,CLEVELAND-09-V,ASV,
1783,CLEVE09W,39035,Cuyahoga,CLEVELAND-09-W,ARV,
1784,CLEVE09X,39035,Cuyahoga,CLEVELAND-09-X,ASW,
1785,CLEVE10A,39035,Cuyahoga,CLEVELAND-10-A,ARM,
1786,CLEVE10B,39035,Cuyahoga,CLEVELAND-10-B,ARZ,
1787,CLEVE10C,39035,Cuyahoga,CLEVELAND-10-C,AUV,
1788,CLEVE10D,39035,Cuyahoga,CLEVELAND-10-D,ATT,
1789,CLEVE10E,39035,Cuyahoga,CLEVELAND-10-E,AVB,
1790,CLEVE10F,39035,Cuyahoga,CLEVELAND-10-F,AUZ,
1791,CLEVE10G,39035,Cuyahoga,CLEVELAND-10-G,AWM,
1792,CLEVE10H,39035,Cuyahoga,CLEVELAND-10-H,AVM,
1793,CLEVE10I,39035,Cuyahoga,CLEVELAND-10-I,AYN,
1794,CLEVE10J,39035,Cuyahoga,CLEVELAND-10-J,ATL,
1795,CLEVE10K,39035,Cuyahoga,CLEVELAND-10-K,ASU,
1796,CLEVE10L,39035,Cuyahoga,CLEVELAND-10-L,ATP,
1797,CLEVE10M,39035,Cuyahoga,CLEVELAND-10-M,ATJ,
1798,CLEVE10N,39035,Cuyahoga,CLEVELAND-10-N,ATR,
1799,CLEVE10O,39035,Cuyahoga,CLEVELAND-10-O,AVI,
1800,CLEVE10P,39035,Cuyahoga,CLEVELAND-10-P,AVP,
1801,CLEVE10Q,39035,Cuyahoga,CLEVELAND-10-Q,AVL,
1802,CLEVE10R,39035,Cuyahoga,CLEVELAND-10-R,AVD,
1803,CLEVE10S,39035,Cuyahoga,CLEVELAND-10-S,AVQ,
1804,CLEVE10T,39035,Cuyahoga,CLEVELAND-10-T,AUX,
1805,CLEVE10U,39035,Cuyahoga,CLEVELAND-10-U,AUT,
1806,CLEVE10V,39035,Cuyahoga,CLEVELAND-10-V,AWY,
1807,CLEVE11A,39035,Cuyahoga,CLEVELAND-11-A,BFX,
1808,CLEVE11B,39035,Cuyahoga,CLEVELAND-11-B,BFZ,
1809,CLEVE11C,39035,Cuyahoga,CLEVELAND-11-C,BGK,
1810,CLEVE11D,39035,Cuyahoga,CLEVELAND-11-D,BFL,
1811,CLEVE11E,39035,Cuyahoga,CLEVELAND-11-E,BGH,
1812,CLEVE11F,39035,Cuyahoga,CLEVELAND-11-F,BGI,
1813,CLEVE11G,39035,Cuyahoga,CLEVELAND-11-G,BGG,
1814,CLEVE11H,39035,Cuyahoga,CLEVELAND-11-H,BGD,
1815,CLEVE11I,39035,Cuyahoga,CLEVELAND-11-I,BFI,
1816,CLEVE11J,39035,Cuyahoga,CLEVELAND-11-J,BGE,
1817,CLEVE11K,39035,Cuyahoga,CLEVELAND-11-K,BGO,
1818,CLEVE11L,39035,Cuyahoga,CLEVELAND-11-L,BGL,
1819,CLEVE11M,39035,Cuyahoga,CLEVELAND-11-M,BGN,
1820,CLEVE11N,39035,Cuyahoga,CLEVELAND-11-N,BGM,
1821,CLEVE11O,39035,Cuyahoga,CLEVELAND-11-O,BFH,
1822,CLEVE11P,39035,Cuyahoga,CLEVELAND-11-P,BFF,
1823,CLEVE12A,39035,Cuyahoga,CLEVELAND-12-A,BBQ,
1824,CLEVE12B,39035,Cuyahoga,CLEVELAND-12-B,BBR,
1825,CLEVE12C,39035,Cuyahoga,CLEVELAND-12-C,BBW,
1826,CLEVE12D,39035,Cuyahoga,CLEVELAND-12-D,AJN,
1827,CLEVE12E,39035,Cuyahoga,CLEVELAND-12-E,AXT,
1828,CLEVE12F,39035,Cuyahoga,CLEVELAND-12-F,AXL,
1829,CLEVE12G,39035,Cuyahoga,CLEVELAND-12-G,AXP,
1830,CLEVE12H,39035,Cuyahoga,CLEVELAND-12-H,AXY,
1831,CLEVE12I,39035,Cuyahoga,CLEVELAND-12-I,AXF,
1832,CLEVE12J,39035,Cuyahoga,CLEVELAND-12-J,AXS,
1833,CLEVE12K,39035,Cuyahoga,CLEVELAND-12-K,AXV,
1834,CLEVE12L,39035,Cuyahoga,CLEVELAND-12-L,AZJ,
1835,CLEVE12M,39035,Cuyahoga,CLEVELAND-12-M,BBN,
1836,CLEVE12N,39035,Cuyahoga,CLEVELAND-12-N,BBT,
1837,CLEVE12O,39035,Cuyahoga,CLEVELAND-12-O,BBU,
1838,CLEVE12P,39035,Cuyahoga,CLEVELAND-12-P,AXX,
1839,CLEVE12Q,39035,Cuyahoga,CLEVELAND-12-Q,AZH,
1840,CLEVE12R,39035,Cuyahoga,CLEVELAND-12-R,BBP,
1841,CLEVE12S,39035,Cuyahoga,CLEVELAND-12-S,AZG,
1842,CLEVE13A,39035,Cuyahoga,CLEVELAND-13-A,BCO,
1843,CLEVE13B,39035,Cuyahoga,CLEVELAND-13-B,BAM,
1844,CLEVE13C,39035,Cuyahoga,CLEVELAND-13-C,BBX,
1845,CLEVE13D,39035,Cuyahoga,CLEVELAND-13-D,BCZ,
1846,CLEVE13E,39035,Cuyahoga,CLEVELAND-13-E,BDA,
1847,CLEVE13F,39035,Cuyahoga,CLEVELAND-13-F,BCY,
1848,CLEVE13G,39035,Cuyahoga,CLEVELAND-13-G,BCW,
1849,CLEVE13H,39035,Cuyahoga,CLEVELAND-13-H,BCU,
1850,CLEVE13I,39035,Cuyahoga,CLEVELAND-13-I,BCS,
1851,CLEVE13J,39035,Cuyahoga,CLEVELAND-13-J,BDH,
1852,CLEVE13K,39035,Cuyahoga,CLEVELAND-13-K,BDI,
1853,CLEVE13L,39035,Cuyahoga,CLEVELAND-13-L,BDG,
1854,CLEVE13M,39035,Cuyahoga,CLEVELAND-13-M,BDB,
1855,CLEVE13N,39035,Cuyahoga,CLEVELAND-13-N,BDC,
1856,CLEVE13O,39035,Cuyahoga,CLEVELAND-13-O,BDE,
1857,CLEVE13P,39035,Cuyahoga,CLEVELAND-13-P,BDF,
1858,CLEVE13Q,39035,Cuyahoga,CLEVELAND-13-Q,BBZ,
1859,CLEVE14A,39035,Cuyahoga,CLEVELAND-14-A,DEA,
1860,CLEVE14B,39035,Cuyahoga,CLEVELAND-14-B,AZU,
1861,CLEVE14C,39035,Cuyahoga,CLEVELAND-14-C,BBJ,
1862,CLEVE14D,39035,Cuyahoga,CLEVELAND-14-D,BBH,
1863,CLEVE14E,39035,Cuyahoga,CLEVELAND-14-E,BFK,
1864,CLEVE14F,39035,Cuyahoga,CLEVELAND-14-F,BCI,
1865,CLEVE14G,39035,Cuyahoga,CLEVELAND-14-G,BAE,
1866,CLEVE14H,39035,Cuyahoga,CLEVELAND-14-H,BAG,
1867,CLEVE14I,39035,Cuyahoga,CLEVELAND-14-I,BAI,
1868,CLEVE14J,39035,Cuyahoga,CLEVELAND-14-J,BAJ,
1869,CLEVE14K,39035,Cuyahoga,CLEVELAND-14-K,BBB,
1870,CLEVE14L,39035,Cuyahoga,CLEVELAND-14-L,BAL,
1871,CLEVE14M,39035,Cuyahoga,CLEVELAND-14-M,BAN,
1872,CLEVE14N,39035,Cuyahoga,CLEVELAND-14-N,BAO,
1873,CLEVE14O,39035,Cuyahoga,CLEVELAND-14-O,BAT,
1874,CLEVE14P,39035,Cuyahoga,CLEVELAND-14-P,BDQ,
1875,CLEVE15A,39035,Cuyahoga,CLEVELAND-15-A,BES,
1876,CLEVE15B,39035,Cuyahoga,CLEVELAND-15-B,BEV,
1877,CLEVE15C,39035,Cuyahoga,CLEVELAND-15-C,BEZ,
1878,CLEVE15D,39035,Cuyahoga,CLEVELAND-15-D,BEY,
1879,CLEVE15E,39035,Cuyahoga,CLEVELAND-15-E,BEW,
1880,CLEVE15F,39035,Cuyahoga,CLEVELAND-15-F,BDW,
1881,CLEVE15G,39035,Cuyahoga,CLEVELAND-15-G,BFD,
1882,CLEVE15H,39035,Cuyahoga,CLEVELAND-15-H,BFB,
1883,CLEVE15I,39035,Cuyahoga,CLEVELAND-15-I,BFA,
1884,CLEVE15J,39035,Cuyahoga,CLEVELAND-15-J,BDX,
1885,CLEVE15K,39035,Cuyahoga,CLEVELAND-15-K,BEF,
1886,CLEVE15L,39035,Cuyahoga,CLEVELAND-15-L,BEG,
1887,CLEVE15M,39035,Cuyahoga,CLEVELAND-15-M,BED,
1888,CLEVE15N,39035,Cuyahoga,CLEVELAND-15-N,BEB,
1889,CLEVE15O,39035,Cuyahoga,CLEVELAND-15-O,BEC,
1890,CLEVE15P,39035,Cuyahoga,CLEVELAND-15-P,BEA,
1891,CLEVE15Q,39035,Cuyahoga,CLEVELAND-15-Q,BDZ,
1892,CLEVE15R,39035,Cuyahoga,CLEVELAND-15-R,BFC,
1893,CLEVE16A,39035,Cuyahoga,CLEVELAND-16-A,BFJ,
1894,CLEVE16B,39035,Cuyahoga,CLEVELAND-16-B,BHV,
1895,CLEVE16C,39035,Cuyahoga,CLEVELAND-16-C,BHU,
1896,CLEVE16D,39035,Cuyahoga,CLEVELAND-16-D,BHS,
1897,CLEVE16E,39035,Cuyahoga,CLEVELAND-16-E,BHQ,
1898,CLEVE16F,39035,Cuyahoga,CLEVELAND-16-F,BHP,
1899,CLEVE16G,39035,Cuyahoga,CLEVELAND-16-G,BHO,
1900,CLEVE16H,39035,Cuyahoga,CLEVELAND-16-H,BHM,
1901,CLEVE16I,39035,Cuyahoga,CLEVELAND-16-I,BGQ,
1902,CLEVE16J,39035,Cuyahoga,CLEVELAND-16-J,BGP,
1903,CLEVE16K,39035,Cuyahoga,CLEVELAND-16-K,BHK,
1904,CLEVE16L,39035,Cuyahoga,CLEVELAND-16-L,BHE,
1905,CLEVE16M,39035,Cuyahoga,CLEVELAND-16-M,BHG,
1906,CLEVE16N,39035,Cuyahoga,CLEVELAND-16-N,BIU,
1907,CLEVE16O,39035,Cuyahoga,CLEVELAND-16-O,BHA,
1908,CLEVE16P,39035,Cuyahoga,CLEVELAND-16-P,BHT,
1909,CLEVE16Q,39035,Cuyahoga,CLEVELAND-16-Q,BGY,
1910,CLEVE17A,39035,Cuyahoga,CLEVELAND-17-A,BJN,
1911,CLEVE17B,39035,Cuyahoga,CLEVELAND-17-B,BJK,
1912,CLEVE17C,39035,Cuyahoga,CLEVELAND-17-C,BJM,
1913,CLEVE17D,39035,Cuyahoga,CLEVELAND-17-D,BJO,
1914,CLEVE17E,39035,Cuyahoga,CLEVELAND-17-E,BJF,
1915,CLEVE17F,39035,Cuyahoga,CLEVELAND-17-F,BJG,
1916,CLEVE17G,39035,Cuyahoga,CLEVELAND-17-G,BJJ,
1917,CLEVE17H,39035,Cuyahoga,CLEVELAND-17-H,BJI,
1918,CLEVE17I,39035,Cuyahoga,CLEVELAND-17-I,BIW,
1919,CLEVE17J,39035,Cuyahoga,CLEVELAND-17-J,BJC,
1920,CLEVE17K,39035,Cuyahoga,CLEVELAND-17-K,BIY,
1921,CLEVE17L,39035,Cuyahoga,CLEVELAND-17-L,BHZ,
1922,CLEVE17M,39035,Cuyahoga,CLEVELAND-17-M,BIM,
1923,CLEVE17N,39035,Cuyahoga,CLEVELAND-17-N,BHC,
1924,CLEVE17O,39035,Cuyahoga,CLEVELAND-17-O,BIO,
1925,CLEVE17P,39035,Cuyahoga,CLEVELAND-17-P,BIG,
1926,CLEVE17Q,39035,Cuyahoga,CLEVELAND-17-Q,BII,
1927,CLEVE17R,39035,Cuyahoga,CLEVELAND-17-R,BJA,
1928,CLEVE17S,39035,Cuyahoga,CLEVELAND-17-S,BHY,
1929,CLHT01A,39035,Cuyahoga,CLEVELAND HEIGHTS-01-A,BJS,
1930,CLHT01B,39035,Cuyahoga,CLEVELAND HEIGHTS-01-B,BJT,
1931,CLHT01C,39035,Cuyahoga,CLEVELAND HEIGHTS-01-C,BJV,
1932,CLHT01D,39035,Cuyahoga,CLEVELAND HEIGHTS-01-D,BJW,
1933,CLHT01E,39035,Cuyahoga,CLEVELAND HEIGHTS-01-E,BJX,
1934,CLHT01F,39035,Cuyahoga,CLEVELAND HEIGHTS-01-F,BJY,
1935,CLHT02A,39035,Cuyahoga,CLEVELAND HEIGHTS-02-A,BKG,
1936,CLHT02B,39035,Cuyahoga,CLEVELAND HEIGHTS-02-B,BKI,
1937,CLHT02C,39035,Cuyahoga,CLEVELAND HEIGHTS-02-C,BKH,
1938,CLHT02D,39035,Cuyahoga,CLEVELAND HEIGHTS-02-D,BKM,
1939,CLHT02E,39035,Cuyahoga,CLEVELAND HEIGHTS-02-E,BKQ,
1940,CLHT02F,39035,Cuyahoga,CLEVELAND HEIGHTS-02-F,BKO,
1941,CLHT03A,39035,Cuyahoga,CLEVELAND HEIGHTS-03-A,BKY,
1942,CLHT03B,39035,Cuyahoga,CLEVELAND HEIGHTS-03-B,BKW,
1943,CLHT03C,39035,Cuyahoga,CLEVELAND HEIGHTS-03-C,BKZ,
1944,CLHT03D,39035,Cuyahoga,CLEVELAND HEIGHTS-03-D,BKX,
1945,CLHT03E,39035,Cuyahoga,CLEVELAND HEIGHTS-03-E,BLB,
1946,CLHT03F,39035,Cuyahoga,CLEVELAND HEIGHTS-03-F,BLC,
1947,CLHT04A,39035,Cuyahoga,CLEVELAND HEIGHTS-04-A,BLG,
1948,CLHT04B,39035,Cuyahoga,CLEVELAND HEIGHTS-04-B,BLH,
1949,CLHT04C,39035,Cuyahoga,CLEVELAND HEIGHTS-04-C,BLT,
1950,CLHT04D,39035,Cuyahoga,CLEVELAND HEIGHTS-04-D,BLK,
1951,CLHT04E,39035,Cuyahoga,CLEVELAND HEIGHTS-04-E,BLM,
1952,CLHT04F,39035,Cuyahoga,CLEVELAND HEIGHTS-04-F,BLO,
1953,CLHT04G,39035,Cuyahoga,CLEVELAND HEIGHTS-04-G,BLQ,
1954,CLHT04H,39035,Cuyahoga,CLEVELAND HEIGHTS-04-H,BLR,
1955,CLHT04I,39035,Cuyahoga,CLEVELAND HEIGHTS-04-I,BLS,
1956,CLHT05A,39035,Cuyahoga,CLEVELAND HEIGHTS-05-A,BMA,
1957,CLHT05B,39035,Cuyahoga,CLEVELAND HEIGHTS-05-B,BLZ,
1958,CLHT05C,39035,Cuyahoga,CLEVELAND HEIGHTS-05-C,BMH,
1959,CLHT05D,39035,Cuyahoga,CLEVELAND HEIGHTS-05-D,BMD,
1960,CLHT05E,39035,Cuyahoga,CLEVELAND HEIGHTS-05-E,BMF,
1961,CLHT05F,39035,Cuyahoga,CLEVELAND HEIGHTS-05-F,BMI,
1962,CUHT00A,39035,Cuyahoga,CUYAHOGA HEIGHTS-00-A,DCU,
1963,ECLE02A,39035,Cuyahoga,EAST CLEVELAND-02-A,BMQ,
1964,ECLE02B,39035,Cuyahoga,EAST CLEVELAND-02-B,BMR,
1965,ECLE02C,39035,Cuyahoga,EAST CLEVELAND-02-C,BMS,
1966,ECLE02D,39035,Cuyahoga,EAST CLEVELAND-02-D,BMW,
1967,ECLE03A,39035,Cuyahoga,EAST CLEVELAND-03-A,BNF,
1968,ECLE03B,39035,Cuyahoga,EAST CLEVELAND-03-B,BNG,
1969,ECLE03C,39035,Cuyahoga,EAST CLEVELAND-03-C,BNM,
1970,ECLE03D,39035,Cuyahoga,EAST CLEVELAND-03-D,BNN,
1971,ECLE03E,39035,Cuyahoga,EAST CLEVELAND-03-E,BNJ,
1972,ECLE04A,39035,Cuyahoga,EAST CLEVELAND-04-A,BNV,
1973,ECLE04B,39035,Cuyahoga,EAST CLEVELAND-04-B,BNW,
1974,ECLE04C,39035,Cuyahoga,EAST CLEVELAND-04-C,BOB,
1975,ECLE04D,39035,Cuyahoga,EAST CLEVELAND-04-D,BNY,
1976,ECLE04E,39035,Cuyahoga,EAST CLEVELAND-04-E,BNZ,
1977,ECLE04F,39035,Cuyahoga,EAST CLEVELAND-04-F,BOA,
1978,EUCLD01A,39035,Cuyahoga,EUCLID-01-A,BQT,
1979,EUCLD01B,39035,Cuyahoga,EUCLID-01-B,BQU,
1980,EUCLD01C,39035,Cuyahoga,EUCLID-01-C,BQV,
1981,EUCLD01D,39035,Cuyahoga,EUCLID-01-D,BQW,
1982,EUCLD01E,39035,Cuyahoga,EUCLID-01-E,BQX,
1983,EUCLD02A,39035,Cuyahoga,EUCLID-02-A,BRD,
1984,EUCLD02B,39035,Cuyahoga,EUCLID-02-B,BQA,
1985,EUCLD02C,39035,Cuyahoga,EUCLID-02-C,BQZ,
1986,EUCLD02D,39035,Cuyahoga,EUCLID-02-D,BQY,
1987,EUCLD03A,39035,Cuyahoga,EUCLID-03-A,BRC,
1988,EUCLD03B,39035,Cuyahoga,EUCLID-03-B,BPZ,
1989,EUCLD03C,39035,Cuyahoga,EUCLID-03-C,BRE,
1990,EUCLD03D,39035,Cuyahoga,EUCLID-03-D,BQE,
1991,EUCLD03E,39035,Cuyahoga,EUCLID-03-E,BQC,
1992,EUCLD04A,39035,Cuyahoga,EUCLID-04-A,BOK,
1993,EUCLD04B,39035,Cuyahoga,EUCLID-04-B,BOP,
1994,EUCLD04C,39035,Cuyahoga,EUCLID-04-C,BOM,
1995,EUCLD04D,39035,Cuyahoga,EUCLID-04-D,BON,
1996,EUCLD04E,39035,Cuyahoga,EUCLID-04-E,BOO,
1997,EUCLD05A,39035,Cuyahoga,EUCLID-05-A,BPD,
1998,EUCLD05B,39035,Cuyahoga,EUCLID-05-B,BPE,
1999,EUCLD05C,39035,Cuyahoga,EUCLID-05-C,BOU,
2000,EUCLD05D,39035,Cuyahoga,EUCLID-05-D,BOT,
2001,EUCLD05E,39035,Cuyahoga,EUCLID-05-E,BOS,
2002,EUCLD06A,39035,Cuyahoga,EUCLID-06-A,BPL,
2003,EUCLD06B,39035,Cuyahoga,EUCLID-06-B,BPM,
2004,EUCLD06C,39035,Cuyahoga,EUCLID-06-C,BPN,
2005,EUCLD06D,39035,Cuyahoga,EUCLID-06-D,BQK,
2006,EUCLD06E,39035,Cuyahoga,EUCLID-06-E,BQJ,
2007,EUCLD07A,39035,Cuyahoga,EUCLID-07-A,BQI,
2008,EUCLD07B,39035,Cuyahoga,EUCLID-07-B,BPJ,
2009,EUCLD07C,39035,Cuyahoga,EUCLID-07-C,BPF,
2010,EUCLD07D,39035,Cuyahoga,EUCLID-07-D,BOR,
2011,EUCLD07E,39035,Cuyahoga,EUCLID-07-E,BPK,
2012,EUCLD08A,39035,Cuyahoga,EUCLID-08-A,BQD,
2013,EUCLD08B,39035,Cuyahoga,EUCLID-08-B,BQH,
2014,EUCLD08C,39035,Cuyahoga,EUCLID-08-C,BQF,
2015,EUCLD08D,39035,Cuyahoga,EUCLID-08-D,BPH,
2016,EUCLD08E,39035,Cuyahoga,EUCLID-08-E,BOW,
2017,FAPK01A,39035,Cuyahoga,FAIRVIEW PARK-01-A,BRM,
2018,FAPK01B,39035,Cuyahoga,FAIRVIEW PARK-01-B,BRN,
2019,FAPK01C,39035,Cuyahoga,FAIRVIEW PARK-01-C,BRP,
2020,FAPK02A,39035,Cuyahoga,FAIRVIEW PARK-02-A,BRS,
2021,FAPK02B,39035,Cuyahoga,FAIRVIEW PARK-02-B,BRU,
2022,FAPK02C,39035,Cuyahoga,FAIRVIEW PARK-02-C,BRV,
2023,FAPK03A,39035,Cuyahoga,FAIRVIEW PARK-03-A,BRX,
2024,FAPK03B,39035,Cuyahoga,FAIRVIEW PARK-03-B,BRZ,
2025,FAPK03C,39035,Cuyahoga,FAIRVIEW PARK-03-C,BSA,
2026,FAPK04A,39035,Cuyahoga,FAIRVIEW PARK-04-A,BSE,
2027,FAPK04B,39035,Cuyahoga,FAIRVIEW PARK-04-B,BSG,
2028,FAPK05A,39035,Cuyahoga,FAIRVIEW PARK-05-A,BSM,
2029,FAPK05B,39035,Cuyahoga,FAIRVIEW PARK-05-B,BSJ,
2030,GAHT01A,39035,Cuyahoga,GARFIELD HEIGHTS-01-A,BSP,
2031,GAHT01B,39035,Cuyahoga,GARFIELD HEIGHTS-01-B,BSQ,
2032,GAHT01C,39035,Cuyahoga,GARFIELD HEIGHTS-01-C,BSR,
2033,GAHT02A,39035,Cuyahoga,GARFIELD HEIGHTS-02-A,BSX,
2034,GAHT02B,39035,Cuyahoga,GARFIELD HEIGHTS-02-B,BSY,
2035,GAHT02C,39035,Cuyahoga,GARFIELD HEIGHTS-02-C,BTA,
2036,GAHT03A,39035,Cuyahoga,GARFIELD HEIGHTS-03-A,BTG,
2037,GAHT03B,39035,Cuyahoga,GARFIELD HEIGHTS-03-B,BTI,
2038,GAHT04A,39035,Cuyahoga,GARFIELD HEIGHTS-04-A,BTM,
2039,GAHT04B,39035,Cuyahoga,GARFIELD HEIGHTS-04-B,BTN,
2040,GAHT04C,39035,Cuyahoga,GARFIELD HEIGHTS-04-C,BTO,
2041,GAHT05A,39035,Cuyahoga,GARFIELD HEIGHTS-05-A,BTT,
2042,GAHT05B,39035,Cuyahoga,GARFIELD HEIGHTS-05-B,BTU,
2043,GAHT06A,39035,Cuyahoga,GARFIELD HEIGHTS-06-A,BUA,
2044,GAHT06B,39035,Cuyahoga,GARFIELD HEIGHTS-06-B,BUB,
2045,GAHT06C,39035,Cuyahoga,GARFIELD HEIGHTS-06-C,BUD,
2046,GAHT07A,39035,Cuyahoga,GARFIELD HEIGHTS-07-A,BUK,
2047,GAHT07B,39035,Cuyahoga,GARFIELD HEIGHTS-07-B,BUL,
2048,GAHT07C,39035,Cuyahoga,GARFIELD HEIGHTS-07-C,BUJ,
2049,GATES00A,39035,Cuyahoga,GATES MILLS-00-A,DBX,
2050,GATES00B,39035,Cuyahoga,GATES MILLS-00-B,DBY,
2051,GLNV01A,39035,Cuyahoga,GLENWILLOW-01-A,DAK,
2052,GLNV02A,39035,Cuyahoga,GLENWILLOW-02-A,DAL,
2053,GLNV03A,39035,Cuyahoga,GLENWILLOW-03-A,DAM,
2054,HHV00A,39035,Cuyahoga,HIGHLAND HILLS-00-A,DCS,
2055,HIHT01A,39035,Cuyahoga,HIGHLAND HEIGHTS-01-A,BUP,
2056,HIHT01B,39035,Cuyahoga,HIGHLAND HEIGHTS-01-B,BUQ,
2057,HIHT02A,39035,Cuyahoga,HIGHLAND HEIGHTS-02-A,BUS,
2058,HIHT02B,39035,Cuyahoga,HIGHLAND HEIGHTS-02-B,BUT,
2059,HIHT03A,39035,Cuyahoga,HIGHLAND HEIGHTS-03-A,BUW,
2060,HIHT03B,39035,Cuyahoga,HIGHLAND HEIGHTS-03-B,BUX,
2061,HIHT04A,39035,Cuyahoga,HIGHLAND HEIGHTS-04-A,BUZ,
2062,HIHT04B,39035,Cuyahoga,HIGHLAND HEIGHTS-04-B,BVA,
2063,HVV00A,39035,Cuyahoga,HUNTING VALLEY-00-A,DAN,
2064,INDV00A,39035,Cuyahoga,INDEPENDENCE-00-A,BVJ,
2065,INDV00B,39035,Cuyahoga,INDEPENDENCE-00-B,BVH,
2066,INDV00C,39035,Cuyahoga,INDEPENDENCE-00-C,BVI,
2067,INDV00D,39035,Cuyahoga,INDEPENDENCE-00-D,BVF,
2068,INDV00E,39035,Cuyahoga,INDEPENDENCE-00-E,BVD,
2069,LAKWD01A,39035,Cuyahoga,LAKEWOOD-01-A,BVR,
2070,LAKWD01B,39035,Cuyahoga,LAKEWOOD-01-B,BVO,
2071,LAKWD01C,39035,Cuyahoga,LAKEWOOD-01-C,BVQ,
2072,LAKWD01D,39035,Cuyahoga,LAKEWOOD-01-D,BVP,
2073,LAKWD01E,39035,Cuyahoga,LAKEWOOD-01-E,BWA,
2074,LAKWD01F,39035,Cuyahoga,LAKEWOOD-01-F,BVU,
2075,LAKWD01G,39035,Cuyahoga,LAKEWOOD-01-G,BVX,
2076,LAKWD01H,39035,Cuyahoga,LAKEWOOD-01-H,BVM,
2077,LAKWD01I,39035,Cuyahoga,LAKEWOOD-01-I,BVW,
2078,LAKWD02A,39035,Cuyahoga,LAKEWOOD-02-A,BWG,
2079,LAKWD02B,39035,Cuyahoga,LAKEWOOD-02-B,BWK,
2080,LAKWD02C,39035,Cuyahoga,LAKEWOOD-02-C,BWI,
2081,LAKWD02D,39035,Cuyahoga,LAKEWOOD-02-D,BWL,
2082,LAKWD02E,39035,Cuyahoga,LAKEWOOD-02-E,BWR,
2083,LAKWD02F,39035,Cuyahoga,LAKEWOOD-02-F,BWQ,
2084,LAKWD02G,39035,Cuyahoga,LAKEWOOD-02-G,BWP,
2085,LAKWD02H,39035,Cuyahoga,LAKEWOOD-02-H,BWH,
2086,LAKWD02I,39035,Cuyahoga,LAKEWOOD-02-I,BWU,
2087,LAKWD03A,39035,Cuyahoga,LAKEWOOD-03-A,BXC,
2088,LAKWD03B,39035,Cuyahoga,LAKEWOOD-03-B,BXI,
2089,LAKWD03C,39035,Cuyahoga,LAKEWOOD-03-C,BXN,
2090,LAKWD03D,39035,Cuyahoga,LAKEWOOD-03-D,BXM,
2091,LAKWD03E,39035,Cuyahoga,LAKEWOOD-03-E,BXL,
2092,LAKWD03F,39035,Cuyahoga,LAKEWOOD-03-F,BXK,
2093,LAKWD03G,39035,Cuyahoga,LAKEWOOD-03-G,BXF,
2094,LAKWD03H,39035,Cuyahoga,LAKEWOOD-03-H,BXO,
2095,LAKWD03I,39035,Cuyahoga,LAKEWOOD-03-I,BXP,
2096,LAKWD04A,39035,Cuyahoga,LAKEWOOD-04-A,BXV,
2097,LAKWD04B,39035,Cuyahoga,LAKEWOOD-04-B,BXW,
2098,LAKWD04C,39035,Cuyahoga,LAKEWOOD-04-C,BYH,
2099,LAKWD04D,39035,Cuyahoga,LAKEWOOD-04-D,BYC,
2100,LAKWD04E,39035,Cuyahoga,LAKEWOOD-04-E,BXZ,
2101,LAKWD04F,39035,Cuyahoga,LAKEWOOD-04-F,BXX,
2102,LAKWD04G,39035,Cuyahoga,LAKEWOOD-04-G,BYK,
2103,LAKWD04H,39035,Cuyahoga,LAKEWOOD-04-H,BYG,
2104,LAKWD04I,39035,Cuyahoga,LAKEWOOD-04-I,BYD,
2105,LAKWD04J,39035,Cuyahoga,LAKEWOOD-04-J,BYF,
2106,LINDL00A,39035,Cuyahoga,LINNDALE-00-A,CZW,
2107,LYNDH01A,39035,Cuyahoga,LYNDHURST-01-A,BYS,
2108,LYNDH01B,39035,Cuyahoga,LYNDHURST-01-B,BYQ,
2109,LYNDH01C,39035,Cuyahoga,LYNDHURST-01-C,BYR,
2110,LYNDH02A,39035,Cuyahoga,LYNDHURST-02-A,BYW,
2111,LYNDH02B,39035,Cuyahoga,LYNDHURST-02-B,BYX,
2112,LYNDH03A,39035,Cuyahoga,LYNDHURST-03-A,BZB,
2113,LYNDH03B,39035,Cuyahoga,LYNDHURST-03-B,BZC,
2114,LYNDH03C,39035,Cuyahoga,LYNDHURST-03-C,BZD,
2115,LYNDH04A,39035,Cuyahoga,LYNDHURST-04-A,BZJ,
2116,LYNDH04B,39035,Cuyahoga,LYNDHURST-04-B,BZM,
2117,LYNDH04C,39035,Cuyahoga,LYNDHURST-04-C,BZL,
2118,MAHT00A,39035,Cuyahoga,MAYFIELD HEIGHTS-00-A,CBR,
2119,MAHT00B,39035,Cuyahoga,MAYFIELD HEIGHTS-00-B,CBP,
2120,MAHT00C,39035,Cuyahoga,MAYFIELD HEIGHTS-00-C,CBT,
2121,MAHT00D,39035,Cuyahoga,MAYFIELD HEIGHTS-00-D,CBI,
2122,MAHT00E,39035,Cuyahoga,MAYFIELD HEIGHTS-00-E,CCA,
2123,MAHT00F,39035,Cuyahoga,MAYFIELD HEIGHTS-00-F,CBK,
2124,MAHT00G,39035,Cuyahoga,MAYFIELD HEIGHTS-00-G,CBY,
2125,MAHT00H,39035,Cuyahoga,MAYFIELD HEIGHTS-00-H,CCB,
2126,MAHT00I,39035,Cuyahoga,MAYFIELD HEIGHTS-00-I,CBA,
2127,MAHT00J,39035,Cuyahoga,MAYFIELD HEIGHTS-00-J,CBE,
2128,MAHT00K,39035,Cuyahoga,MAYFIELD HEIGHTS-00-K,CBX,
2129,MAHT00L,39035,Cuyahoga,MAYFIELD HEIGHTS-00-L,CBV,
2130,MAHT00M,39035,Cuyahoga,MAYFIELD HEIGHTS-00-M,CBM,
2131,MAYV01A,39035,Cuyahoga,MAYFIELD VILLAGE-01-A,DCC,
2132,MAYV02A,39035,Cuyahoga,MAYFIELD VILLAGE-02-A,DCE,
2133,MAYV03A,39035,Cuyahoga,MAYFIELD VILLAGE-03-A,DCG,
2134,MAYV04A,39035,Cuyahoga,MAYFIELD VILLAGE-04-A,DCI,
2135,MIDH01A,39035,Cuyahoga,MIDDLEBURG HEIGHTS-01-A,CCH,
2136,MIDH01B,39035,Cuyahoga,MIDDLEBURG HEIGHTS-01-B,CCI,
2137,MIDH01C,39035,Cuyahoga,MIDDLEBURG HEIGHTS-01-C,CCJ,
2138,MIDH02A,39035,Cuyahoga,MIDDLEBURG HEIGHTS-02-A,CCN,
2139,MIDH02B,39035,Cuyahoga,MIDDLEBURG HEIGHTS-02-B,CCO,
2140,MIDH02C,39035,Cuyahoga,MIDDLEBURG HEIGHTS-02-C,CCQ,
2141,MIDH03A,39035,Cuyahoga,MIDDLEBURG HEIGHTS-03-A,CCT,
2142,MIDH03B,39035,Cuyahoga,MIDDLEBURG HEIGHTS-03-B,CCX,
2143,MIDH03C,39035,Cuyahoga,MIDDLEBURG HEIGHTS-03-C,CCV,
2144,MIDH04A,39035,Cuyahoga,MIDDLEBURG HEIGHTS-04-A,CDB,
2145,MIDH04B,39035,Cuyahoga,MIDDLEBURG HEIGHTS-04-B,CDD,
2146,MORH00A,39035,Cuyahoga,MORELAND HILLS-00-A,DBV,
2147,MORH00B,39035,Cuyahoga,MORELAND HILLS-00-B,DBW,
2148,MORH00C,39035,Cuyahoga,MORELAND HILLS-00-C,DBU,
2149,MPHT01A,39035,Cuyahoga,MAPLE HEIGHTS-01-A,BZS,
2150,MPHT01B,39035,Cuyahoga,MAPLE HEIGHTS-01-B,BZR,
2151,MPHT02A,39035,Cuyahoga,MAPLE HEIGHTS-02-A,BZW,
2152,MPHT02B,39035,Cuyahoga,MAPLE HEIGHTS-02-B,BZX,
2153,MPHT03A,39035,Cuyahoga,MAPLE HEIGHTS-03-A,CAC,
2154,MPHT03B,39035,Cuyahoga,MAPLE HEIGHTS-03-B,CAE,
2155,MPHT04A,39035,Cuyahoga,MAPLE HEIGHTS-04-A,CAG,
2156,MPHT04B,39035,Cuyahoga,MAPLE HEIGHTS-04-B,CAH,
2157,MPHT04C,39035,Cuyahoga,MAPLE HEIGHTS-04-C,CAJ,
2158,MPHT05A,39035,Cuyahoga,MAPLE HEIGHTS-05-A,CAL,
2159,MPHT05B,39035,Cuyahoga,MAPLE HEIGHTS-05-B,CAM,
2160,MPHT06A,39035,Cuyahoga,MAPLE HEIGHTS-06-A,CAS,
2161,MPHT06B,39035,Cuyahoga,MAPLE HEIGHTS-06-B,CAR,
2162,MPHT07A,39035,Cuyahoga,MAPLE HEIGHTS-07-A,CAX,
2163,MPHT07B,39035,Cuyahoga,MAPLE HEIGHTS-07-B,CAW,
2164,MPHT07C,39035,Cuyahoga,MAPLE HEIGHTS-07-C,CAY,
2165,NEHT00A,39035,Cuyahoga,NEWBURGH HEIGHTS-00-A,DAO,
2166,NOLM01A,39035,Cuyahoga,NORTH OLMSTED-01-A,CDI,
2167,NOLM01B,39035,Cuyahoga,NORTH OLMSTED-01-B,DEC,
2168,NOLM01C,39035,Cuyahoga,NORTH OLMSTED-01-C,CDJ,
2169,NOLM01D,39035,Cuyahoga,NORTH OLMSTED-01-D,CDN,
2170,NOLM01E,39035,Cuyahoga,NORTH OLMSTED-01-E,CDL,
2171,NOLM02A,39035,Cuyahoga,NORTH OLMSTED-02-A,CDT,
2172,NOLM02B,39035,Cuyahoga,NORTH OLMSTED-02-B,CDU,
2173,NOLM02C,39035,Cuyahoga,NORTH OLMSTED-02-C,CDV,
2174,NOLM02D,39035,Cuyahoga,NORTH OLMSTED-02-D,CEB,
2175,NOLM02E,39035,Cuyahoga,NORTH OLMSTED-02-E,CDZ,
2176,NOLM03A,39035,Cuyahoga,NORTH OLMSTED-03-A,CEE,
2177,NOLM03B,39035,Cuyahoga,NORTH OLMSTED-03-B,CEF,
2178,NOLM03C,39035,Cuyahoga,NORTH OLMSTED-03-C,CEG,
2179,NOLM03D,39035,Cuyahoga,NORTH OLMSTED-03-D,CEH,
2180,NOLM03E,39035,Cuyahoga,NORTH OLMSTED-03-E,CEL,
2181,NOLM03F,39035,Cuyahoga,NORTH OLMSTED-03-F,CEJ,
2182,NOLM04A,39035,Cuyahoga,NORTH OLMSTED-04-A,CET,
2183,NOLM04B,39035,Cuyahoga,NORTH OLMSTED-04-B,CEZ,
2184,NOLM04C,39035,Cuyahoga,NORTH OLMSTED-04-C,CEW,
2185,NOLM04D,39035,Cuyahoga,NORTH OLMSTED-04-D,CEX,
2186,NOLM04E,39035,Cuyahoga,NORTH OLMSTED-04-E,CEY,
2187,NRAN00A,39035,Cuyahoga,NORTH RANDALL-00-A,DCQ,
2188,NROY01A,39035,Cuyahoga,NORTH ROYALTON-01-A,CFD,
2189,NROY01B,39035,Cuyahoga,NORTH ROYALTON-01-B,CFE,
2190,NROY01C,39035,Cuyahoga,NORTH ROYALTON-01-C,CFG,
2191,NROY02A,39035,Cuyahoga,NORTH ROYALTON-02-A,CFI,
2192,NROY02B,39035,Cuyahoga,NORTH ROYALTON-02-B,CFJ,
2193,NROY02C,39035,Cuyahoga,NORTH ROYALTON-02-C,CFK,
2194,NROY02D,39035,Cuyahoga,NORTH ROYALTON-02-D,CFL,
2195,NROY03A,39035,Cuyahoga,NORTH ROYALTON-03-A,CFQ,
2196,NROY03B,39035,Cuyahoga,NORTH ROYALTON-03-B,CFR,
2197,NROY03C,39035,Cuyahoga,NORTH ROYALTON-03-C,CFS,
2198,NROY03D,39035,Cuyahoga,NORTH ROYALTON-03-D,CFT,
2199,NROY04A,39035,Cuyahoga,NORTH ROYALTON-04-A,CFW,
2200,NROY04B,39035,Cuyahoga,NORTH ROYALTON-04-B,CGB,
2201,NROY04C,39035,Cuyahoga,NORTH ROYALTON-04-C,CFZ,
2202,NROY05A,39035,Cuyahoga,NORTH ROYALTON-05-A,CGC,
2203,NROY05B,39035,Cuyahoga,NORTH ROYALTON-05-B,CGE,
2204,NROY05C,39035,Cuyahoga,NORTH ROYALTON-05-C,CGG,
2205,NROY05D,39035,Cuyahoga,NORTH ROYALTON-05-D,CGF,
2206,NROY06A,39035,Cuyahoga,NORTH ROYALTON-06-A,CGH,
2207,NROY06B,39035,Cuyahoga,NORTH ROYALTON-06-B,CGI,
2208,NROY06C,39035,Cuyahoga,NORTH ROYALTON-06-C,CGL,
2209,NROY06D,39035,Cuyahoga,NORTH ROYALTON-06-D,CGK,
2210,OAKV01A,39035,Cuyahoga,OAKWOOD-01-A,DAS,
2211,OAKV02A,39035,Cuyahoga,OAKWOOD-02-A,DAW,
2212,OAKV03A,39035,Cuyahoga,OAKWOOD-03-A,DAX,
2213,OAKV04A,39035,Cuyahoga,OAKWOOD-04-A,DAZ,
2214,OAKV05A,39035,Cuyahoga,OAKWOOD-05-A,DBC,
2215,OFV01A,39035,Cuyahoga,OLMSTED FALLS-01-A,CGN,
2216,OFV01B,39035,Cuyahoga,OLMSTED FALLS-01-B,CGO,
2217,OFV02A,39035,Cuyahoga,OLMSTED FALLS-02-A,CGP,
2218,OFV02B,39035,Cuyahoga,OLMSTED FALLS-02-B,CGQ,
2219,OFV03A,39035,Cuyahoga,OLMSTED FALLS-03-A,CGS,
2220,OFV03B,39035,Cuyahoga,OLMSTED FALLS-03-B,CGT,
2221,OFV04A,39035,Cuyahoga,OLMSTED FALLS-04-A,CGV,
2222,OFV04B,39035,Cuyahoga,OLMSTED FALLS-04-B,CGW,
2223,OLMST00A,39035,Cuyahoga,OLMSTED TOWNSHIP-00-A,DBD,
2224,OLMST00B,39035,Cuyahoga,OLMSTED TOWNSHIP-00-B,DBH,
2225,OLMST00C,39035,Cuyahoga,OLMSTED TOWNSHIP-00-C,DBK,
2226,OLMST00D,39035,Cuyahoga,OLMSTED TOWNSHIP-00-D,DBG,
2227,OLMST00E,39035,Cuyahoga,OLMSTED TOWNSHIP-00-E,DBN,
2228,OLMST00F,39035,Cuyahoga,OLMSTED TOWNSHIP-00-F,DBI,
2229,OLMST00G,39035,Cuyahoga,OLMSTED TOWNSHIP-00-G,DBJ,
2230,OLMST00H,39035,Cuyahoga,OLMSTED TOWNSHIP-00-H,DBF,
2231,OLMST00I,39035,Cuyahoga,OLMSTED TOWNSHIP-00-I,DBM,
2232,ORNGE00A,39035,Cuyahoga,ORANGE-00-A,DAJ,
2233,ORNGE00B,39035,Cuyahoga,ORANGE-00-B,DAH,
2234,ORNGE00C,39035,Cuyahoga,ORANGE-00-C,DAI,
2235,PAHT01A,39035,Cuyahoga,PARMA HEIGHTS-01-A,CMP,
2236,PAHT01B,39035,Cuyahoga,PARMA HEIGHTS-01-B,CLZ,
2237,PAHT01C,39035,Cuyahoga,PARMA HEIGHTS-01-C,CMT,
2238,PAHT02A,39035,Cuyahoga,PARMA HEIGHTS-02-A,CMJ,
2239,PAHT02B,39035,Cuyahoga,PARMA HEIGHTS-02-B,CMO,
2240,PAHT02C,39035,Cuyahoga,PARMA HEIGHTS-02-C,CMM,
2241,PAHT03A,39035,Cuyahoga,PARMA HEIGHTS-03-A,CMB,
2242,PAHT03B,39035,Cuyahoga,PARMA HEIGHTS-03-B,CMD,
2243,PAHT03C,39035,Cuyahoga,PARMA HEIGHTS-03-C,CMR,
2244,PAHT04A,39035,Cuyahoga,PARMA HEIGHTS-04-A,CMK,
2245,PAHT04B,39035,Cuyahoga,PARMA HEIGHTS-04-B,CME,
2246,PAHT04C,39035,Cuyahoga,PARMA HEIGHTS-04-C,CMG,
2247,PARMA01A,39035,Cuyahoga,PARMA-01-A,CGX,
2248,PARMA01B,39035,Cuyahoga,PARMA-01-B,CGY,
2249,PARMA01C,39035,Cuyahoga,PARMA-01-C,CHG,
2250,PARMA01D,39035,Cuyahoga,PARMA-01-D,CHA,
2251,PARMA01E,39035,Cuyahoga,PARMA-01-E,CHE,
2252,PARMA01F,39035,Cuyahoga,PARMA-01-F,CHC,
2253,PARMA02A,39035,Cuyahoga,PARMA-02-A,CHL,
2254,PARMA02B,39035,Cuyahoga,PARMA-02-B,CHM,
2255,PARMA02C,39035,Cuyahoga,PARMA-02-C,CHS,
2256,PARMA02D,39035,Cuyahoga,PARMA-02-D,CHV,
2257,PARMA02E,39035,Cuyahoga,PARMA-02-E,CHU,
2258,PARMA03A,39035,Cuyahoga,PARMA-03-A,CIC,
2259,PARMA03B,39035,Cuyahoga,PARMA-03-B,CIF,
2260,PARMA03C,39035,Cuyahoga,PARMA-03-C,CII,
2261,PARMA03D,39035,Cuyahoga,PARMA-03-D,CID,
2262,PARMA03E,39035,Cuyahoga,PARMA-03-E,CIE,
2263,PARMA03F,39035,Cuyahoga,PARMA-03-F,CIJ,
2264,PARMA04A,39035,Cuyahoga,PARMA-04-A,CIP,
2265,PARMA04B,39035,Cuyahoga,PARMA-04-B,CIT,
2266,PARMA04C,39035,Cuyahoga,PARMA-04-C,CIR,
2267,PARMA04D,39035,Cuyahoga,PARMA-04-D,CIS,
2268,PARMA04E,39035,Cuyahoga,PARMA-04-E,CIV,
2269,PARMA05A,39035,Cuyahoga,PARMA-05-A,CJB,
2270,PARMA05B,39035,Cuyahoga,PARMA-05-B,CLP,
2271,PARMA05C,39035,Cuyahoga,PARMA-05-C,CJI,
2272,PARMA05D,39035,Cuyahoga,PARMA-05-D,CJJ,
2273,PARMA05E,39035,Cuyahoga,PARMA-05-E,CJF,
2274,PARMA05F,39035,Cuyahoga,PARMA-05-F,CJE,
2275,PARMA06A,39035,Cuyahoga,PARMA-06-A,CJP,
2276,PARMA06B,39035,Cuyahoga,PARMA-06-B,CJU,
2277,PARMA06C,39035,Cuyahoga,PARMA-06-C,CJX,
2278,PARMA06D,39035,Cuyahoga,PARMA-06-D,CJG,
2279,PARMA06E,39035,Cuyahoga,PARMA-06-E,CJQ,
2280,PARMA06F,39035,Cuyahoga,PARMA-06-F,CJY,
2281,PARMA07A,39035,Cuyahoga,PARMA-07-A,CKM,
2282,PARMA07B,39035,Cuyahoga,PARMA-07-B,CKF,
2283,PARMA07C,39035,Cuyahoga,PARMA-07-C,CKE,
2284,PARMA07D,39035,Cuyahoga,PARMA-07-D,CKL,
2285,PARMA07E,39035,Cuyahoga,PARMA-07-E,CKH,
2286,PARMA07F,39035,Cuyahoga,PARMA-07-F,CKI,
2287,PARMA08A,39035,Cuyahoga,PARMA-08-A,CKT,
2288,PARMA08B,39035,Cuyahoga,PARMA-08-B,CLB,
2289,PARMA08C,39035,Cuyahoga,PARMA-08-C,CKY,
2290,PARMA08D,39035,Cuyahoga,PARMA-08-D,CKV,
2291,PARMA08E,39035,Cuyahoga,PARMA-08-E,CKW,
2292,PARMA09A,39035,Cuyahoga,PARMA-09-A,CLH,
2293,PARMA09B,39035,Cuyahoga,PARMA-09-B,CLQ,
2294,PARMA09C,39035,Cuyahoga,PARMA-09-C,CLI,
2295,PARMA09D,39035,Cuyahoga,PARMA-09-D,CLK,
2296,PARMA09E,39035,Cuyahoga,PARMA-09-E,CJV,
2297,PARMA09F,39035,Cuyahoga,PARMA-09-F,CLO,
2298,PPV00A,39035,Cuyahoga,PEPPER PIKE-00-A,CMY,
2299,PPV00B,39035,Cuyahoga,PEPPER PIKE-00-B,CMZ,
2300,PPV00C,39035,Cuyahoga,PEPPER PIKE-00-C,CNA,
2301,PPV00D,39035,Cuyahoga,PEPPER PIKE-00-D,CNB,
2302,PPV00E,39035,Cuyahoga,PEPPER PIKE-00-E,CNE,
2303,RIHT01A,39035,Cuyahoga,RICHMOND HEIGHTS-01-A,CNI,
2304,RIHT01B,39035,Cuyahoga,RICHMOND HEIGHTS-01-B,CNJ,
2305,RIHT02A,39035,Cuyahoga,RICHMOND HEIGHTS-02-A,CNM,
2306,RIHT02B,39035,Cuyahoga,RICHMOND HEIGHTS-02-B,CNO,
2307,RIHT03A,39035,Cuyahoga,RICHMOND HEIGHTS-03-A,CNQ,
2308,RIHT03B,39035,Cuyahoga,RICHMOND HEIGHTS-03-B,CNR,
2309,RIHT03C,39035,Cuyahoga,RICHMOND HEIGHTS-03-C,CNS,
2310,RIHT04A,39035,Cuyahoga,RICHMOND HEIGHTS-04-A,CNV,
2311,RIHT04B,39035,Cuyahoga,RICHMOND HEIGHTS-04-B,CNX,
2312,RRIV01A,39035,Cuyahoga,ROCKY RIVER-01-A,COA,
2313,RRIV01B,39035,Cuyahoga,ROCKY RIVER-01-B,COF,
2314,RRIV01C,39035,Cuyahoga,ROCKY RIVER-01-C,COC,
2315,RRIV01D,39035,Cuyahoga,ROCKY RIVER-01-D,COD,
2316,RRIV02A,39035,Cuyahoga,ROCKY RIVER-02-A,COO,
2317,RRIV02B,39035,Cuyahoga,ROCKY RIVER-02-B,COK,
2318,RRIV02C,39035,Cuyahoga,ROCKY RIVER-02-C,COM,
2319,RRIV02D,39035,Cuyahoga,ROCKY RIVER-02-D,COP,
2320,RRIV03A,39035,Cuyahoga,ROCKY RIVER-03-A,COU,
2321,RRIV03B,39035,Cuyahoga,ROCKY RIVER-03-B,COV,
2322,RRIV03C,39035,Cuyahoga,ROCKY RIVER-03-C,COW,
2323,RRIV03D,39035,Cuyahoga,ROCKY RIVER-03-D,COX,
2324,RRIV04A,39035,Cuyahoga,ROCKY RIVER-04-A,CPD,
2325,RRIV04B,39035,Cuyahoga,ROCKY RIVER-04-B,CPE,
2326,RRIV04C,39035,Cuyahoga,ROCKY RIVER-04-C,CPH,
2327,RRIV04D,39035,Cuyahoga,ROCKY RIVER-04-D,CPI,
2328,SEUC01A,39035,Cuyahoga,SOUTH EUCLID-01-A,CTI,
2329,SEUC01B,39035,Cuyahoga,SOUTH EUCLID-01-B,CTG,
2330,SEUC01C,39035,Cuyahoga,SOUTH EUCLID-01-C,CTE,
2331,SEUC01D,39035,Cuyahoga,SOUTH EUCLID-01-D,CTD,
2332,SEUC02A,39035,Cuyahoga,SOUTH EUCLID-02-A,CTM,
2333,SEUC02B,39035,Cuyahoga,SOUTH EUCLID-02-B,CTS,
2334,SEUC02C,39035,Cuyahoga,SOUTH EUCLID-02-C,CTP,
2335,SEUC02D,39035,Cuyahoga,SOUTH EUCLID-02-D,CTN,
2336,SEUC03A,39035,Cuyahoga,SOUTH EUCLID-03-A,CTW,
2337,SEUC03B,39035,Cuyahoga,SOUTH EUCLID-03-B,CTZ,
2338,SEUC03C,39035,Cuyahoga,SOUTH EUCLID-03-C,CTY,
2339,SEUC03D,39035,Cuyahoga,SOUTH EUCLID-03-D,CTX,
2340,SEUC04A,39035,Cuyahoga,SOUTH EUCLID-04-A,CUI,
2341,SEUC04B,39035,Cuyahoga,SOUTH EUCLID-04-B,CUJ,
2342,SEUC04C,39035,Cuyahoga,SOUTH EUCLID-04-C,CUG,
2343,SEUC04D,39035,Cuyahoga,SOUTH EUCLID-04-D,CUF,
2344,SHHT00A,39035,Cuyahoga,SHAKER HEIGHTS-00-A,CQR,
2345,SHHT00B,39035,Cuyahoga,SHAKER HEIGHTS-00-B,CQZ,
2346,SHHT00C,39035,Cuyahoga,SHAKER HEIGHTS-00-C,CQQ,
2347,SHHT00D,39035,Cuyahoga,SHAKER HEIGHTS-00-D,CQL,
2348,SHHT00E,39035,Cuyahoga,SHAKER HEIGHTS-00-E,CQM,
2349,SHHT00F,39035,Cuyahoga,SHAKER HEIGHTS-00-F,CQV,
2350,SHHT00G,39035,Cuyahoga,SHAKER HEIGHTS-00-G,CRK,
2351,SHHT00H,39035,Cuyahoga,SHAKER HEIGHTS-00-H,CQW,
2352,SHHT00I,39035,Cuyahoga,SHAKER HEIGHTS-00-I,CRY,
2353,SHHT00J,39035,Cuyahoga,SHAKER HEIGHTS-00-J,CQU,
2354,SHHT00K,39035,Cuyahoga,SHAKER HEIGHTS-00-K,CQN,
2355,SHHT00L,39035,Cuyahoga,SHAKER HEIGHTS-00-L,CRI,
2356,SHHT00M,39035,Cuyahoga,SHAKER HEIGHTS-00-M,CQJ,
2357,SHHT00N,39035,Cuyahoga,SHAKER HEIGHTS-00-N,CQK,
2358,SHHT00O,39035,Cuyahoga,SHAKER HEIGHTS-00-O,CRA,
2359,SHHT00P,39035,Cuyahoga,SHAKER HEIGHTS-00-P,CSA,
2360,SHHT00Q,39035,Cuyahoga,SHAKER HEIGHTS-00-Q,CRS,
2361,SHHT00R,39035,Cuyahoga,SHAKER HEIGHTS-00-R,CRQ,
2362,SHHT00S,39035,Cuyahoga,SHAKER HEIGHTS-00-S,CRB,
2363,SHHT00T,39035,Cuyahoga,SHAKER HEIGHTS-00-T,CRE,
2364,SHHT00U,39035,Cuyahoga,SHAKER HEIGHTS-00-U,CRW,
2365,SHV01A,39035,Cuyahoga,SEVEN HILLS-01-A,CPM,
2366,SHV01B,39035,Cuyahoga,SEVEN HILLS-01-B,CPO,
2367,SHV02A,39035,Cuyahoga,SEVEN HILLS-02-A,CPT,
2368,SHV02B,39035,Cuyahoga,SEVEN HILLS-02-B,CPS,
2369,SHV03A,39035,Cuyahoga,SEVEN HILLS-03-A,CPY,
2370,SHV03B,39035,Cuyahoga,SEVEN HILLS-03-B,CPX,
2371,SHV04A,39035,Cuyahoga,SEVEN HILLS-04-A,CQB,
2372,SHV04B,39035,Cuyahoga,SEVEN HILLS-04-B,CQC,
2373,SOLON01A,39035,Cuyahoga,SOLON-01-A,CSD,
2374,SOLON01B,39035,Cuyahoga,SOLON-01-B,CSF,
2375,SOLON02A,39035,Cuyahoga,SOLON-02-A,CSH,
2376,SOLON02B,39035,Cuyahoga,SOLON-02-B,CSI,
2377,SOLON03A,39035,Cuyahoga,SOLON-03-A,CSJ,
2378,SOLON03B,39035,Cuyahoga,SOLON-03-B,CSK,
2379,SOLON04A,39035,Cuyahoga,SOLON-04-A,CSM,
2380,SOLON04B,39035,Cuyahoga,SOLON-04-B,CSN,
2381,SOLON04C,39035,Cuyahoga,SOLON-04-C,CSO,
2382,SOLON05A,39035,Cuyahoga,SOLON-05-A,CSR,
2383,SOLON05B,39035,Cuyahoga,SOLON-05-B,CST,
2384,SOLON06A,39035,Cuyahoga,SOLON-06-A,CSV,
2385,SOLON06B,39035,Cuyahoga,SOLON-06-B,CSX,
2386,SOLON07A,39035,Cuyahoga,SOLON-07-A,CSZ,
2387,SOLON07B,39035,Cuyahoga,SOLON-07-B,CTA,
2388,STRNG01A,39035,Cuyahoga,STRONGSVILLE-01-A,CUQ,
2389,STRNG01B,39035,Cuyahoga,STRONGSVILLE-01-B,CUY,
2390,STRNG01C,39035,Cuyahoga,STRONGSVILLE-01-C,CUR,
2391,STRNG01D,39035,Cuyahoga,STRONGSVILLE-01-D,CUS,
2392,STRNG01E,39035,Cuyahoga,STRONGSVILLE-01-E,CUU,
2393,STRNG01F,39035,Cuyahoga,STRONGSVILLE-01-F,CUT,
2394,STRNG01G,39035,Cuyahoga,STRONGSVILLE-01-G,CUV,
2395,STRNG02A,39035,Cuyahoga,STRONGSVILLE-02-A,CVD,
2396,STRNG02B,39035,Cuyahoga,STRONGSVILLE-02-B,CVN,
2397,STRNG02C,39035,Cuyahoga,STRONGSVILLE-02-C,CVE,
2398,STRNG02D,39035,Cuyahoga,STRONGSVILLE-02-D,CVF,
2399,STRNG02E,39035,Cuyahoga,STRONGSVILLE-02-E,CVO,
2400,STRNG02F,39035,Cuyahoga,STRONGSVILLE-02-F,CVI,
2401,STRNG02G,39035,Cuyahoga,STRONGSVILLE-02-G,CVP,
2402,STRNG02H,39035,Cuyahoga,STRONGSVILLE-02-H,CVJ,
2403,STRNG02I,39035,Cuyahoga,STRONGSVILLE-02-I,CVK,
2404,STRNG03A,39035,Cuyahoga,STRONGSVILLE-03-A,CVT,
2405,STRNG03B,39035,Cuyahoga,STRONGSVILLE-03-B,CVQ,
2406,STRNG03C,39035,Cuyahoga,STRONGSVILLE-03-C,CVX,
2407,STRNG03D,39035,Cuyahoga,STRONGSVILLE-03-D,CVW,
2408,STRNG03E,39035,Cuyahoga,STRONGSVILLE-03-E,CVU,
2409,STRNG03F,39035,Cuyahoga,STRONGSVILLE-03-F,CVY,
2410,STRNG03G,39035,Cuyahoga,STRONGSVILLE-03-G,CWB,
2411,STRNG04A,39035,Cuyahoga,STRONGSVILLE-04-A,CWG,
2412,STRNG04B,39035,Cuyahoga,STRONGSVILLE-04-B,CWL,
2413,STRNG04C,39035,Cuyahoga,STRONGSVILLE-04-C,CWH,
2414,STRNG04D,39035,Cuyahoga,STRONGSVILLE-04-D,CWI,
2415,STRNG04E,39035,Cuyahoga,STRONGSVILLE-04-E,CWJ,
2416,STRNG04F,39035,Cuyahoga,STRONGSVILLE-04-F,CWM,
2417,STRNG04G,39035,Cuyahoga,STRONGSVILLE-04-G,CWK,
2418,UNHT00A,39035,Cuyahoga,UNIVERSITY HEIGHTS-00-A,CWO,
2419,UNHT00B,39035,Cuyahoga,UNIVERSITY HEIGHTS-00-B,CWS,
2420,UNHT00C,39035,Cuyahoga,UNIVERSITY HEIGHTS-00-C,CWQ,
2421,UNHT00D,39035,Cuyahoga,UNIVERSITY HEIGHTS-00-D,CXD,
2422,UNHT00E,39035,Cuyahoga,UNIVERSITY HEIGHTS-00-E,CWW,
2423,UNHT00F,39035,Cuyahoga,UNIVERSITY HEIGHTS-00-F,CWT,
2424,UNHT00G,39035,Cuyahoga,UNIVERSITY HEIGHTS-00-G,CWX,
2425,UNHT00H,39035,Cuyahoga,UNIVERSITY HEIGHTS-00-H,CXA,
2426,UNHT00I,39035,Cuyahoga,UNIVERSITY HEIGHTS-00-I,CXC,
2427,VALV00A,39035,Cuyahoga,VALLEY VIEW-00-A,DCK,
2428,VALV00B,39035,Cuyahoga,VALLEY VIEW-00-B,DCM,
2429,WAHT01A,39035,Cuyahoga,WARRENSVILLE HTS-01-A,DEI,
2430,WAHT01B,39035,Cuyahoga,WARRENSVILLE HTS-01-B,DEJ,
2431,WAHT02A,39035,Cuyahoga,WARRENSVILLE HTS-02-A,DEK,
2432,WAHT02B,39035,Cuyahoga,WARRENSVILLE HTS-02-B,DEL,
2433,WAHT03A,39035,Cuyahoga,WARRENSVILLE HTS-03-A,DEM,
2434,WAHT04A,39035,Cuyahoga,WARRENSVILLE HTS-04-A,DEO,
2435,WAHT04B,39035,Cuyahoga,WARRENSVILLE HTS-04-B,DEP,
2436,WAHT05A,39035,Cuyahoga,WARRENSVILLE HTS-05-A,DEX,
2437,WAHT05B,39035,Cuyahoga,WARRENSVILLE HTS-05-B,DER,
2438,WAHT06A,39035,Cuyahoga,WARRENSVILLE HTS-06-A,DES,
2439,WAHT07A,39035,Cuyahoga,WARRENSVILLE HTS-07-A,DEU,
2440,WAHT07B,39035,Cuyahoga,WARRENSVILLE HTS-07-B,DEV,
2441,WALTN00A,39035,Cuyahoga,WALTON HILLS-00-A,DCN,
2442,WALTN00B,39035,Cuyahoga,WALTON HILLS-00-B,DCO,
2443,WDMV00A,39035,Cuyahoga,WOODMERE-00-A,DCW,
2444,WLKV01A,39035,Cuyahoga,WESTLAKE-01-A,CYE,
2445,WLKV01B,39035,Cuyahoga,WESTLAKE-01-B,CYH,
2446,WLKV01C,39035,Cuyahoga,WESTLAKE-01-C,CYG,
2447,WLKV01D,39035,Cuyahoga,WESTLAKE-01-D,CYJ,
2448,WLKV02A,39035,Cuyahoga,WESTLAKE-02-A,CYL,
2449,WLKV02B,39035,Cuyahoga,WESTLAKE-02-B,CYQ,
2450,WLKV02C,39035,Cuyahoga,WESTLAKE-02-C,CYN,
2451,WLKV02D,39035,Cuyahoga,WESTLAKE-02-D,CYP,
2452,WLKV03A,39035,Cuyahoga,WESTLAKE-03-A,CYR,
2453,WLKV03B,39035,Cuyahoga,WESTLAKE-03-B,CYW,
2454,WLKV03C,39035,Cuyahoga,WESTLAKE-03-C,CYT,
2455,WLKV03D,39035,Cuyahoga,WESTLAKE-03-D,CYX,
2456,WLKV04A,39035,Cuyahoga,WESTLAKE-04-A,CYY,
2457,WLKV04B,39035,Cuyahoga,WESTLAKE-04-B,CYZ,
2458,WLKV04C,39035,Cuyahoga,WESTLAKE-04-C,CZA,
2459,WLKV04D,39035,Cuyahoga,WESTLAKE-04-D,CZC,
2460,WLKV05A,39035,Cuyahoga,WESTLAKE-05-A,CZE,
2461,WLKV05B,39035,Cuyahoga,WESTLAKE-05-B,CZJ,
2462,WLKV05C,39035,Cuyahoga,WESTLAKE-05-C,CZG,
2463,WLKV05D,39035,Cuyahoga,WESTLAKE-05-D,CZF,
2464,WLKV06A,39035,Cuyahoga,WESTLAKE-06-A,CZM,
2465,WLKV06B,39035,Cuyahoga,WESTLAKE-06-B,CZN,
2466,WLKV06C,39035,Cuyahoga,WESTLAKE-06-C,CZO,
2467,WLKV06D,39035,Cuyahoga,WESTLAKE-06-D,CZP,